"When it rains, I'm going to go out and see if it's okay.","follows, describe, host, format, animal, voice, core, radiation, purposes, planned, extensive, sign, understanding, containing","Wenn es regnet, werde ich rausgehen und sehen, ob es in Ordnung ist.","dadurch, mußten, Parteien, französischen, Trotz, wenigen, Publikum, Peter, Meinung, jedenfalls, hinaus, sowohl, verletzt, Lösung, Sohn"
"When it rains, I go up and go out.","integrated, interior, writings, wealth, together, noise, experiment, wild, reduction, none, rail","Wenn es regnet, gehe ich hoch und gehe raus.","Arzt, Kommunen, Arbeiter, verwenden, Ruf, Bauern, fragt, Schweden, westlichen, Abgeordneten"
"The weather's not perfect, so I'll try to stay out there.","captain, Hong, heavier, true, mere, at, segments, absorption, the, default, steady, normal","Das Wetter ist nicht perfekt, also werde ich versuchen, da draußen zu bleiben.","Franz, Gerhard, Änderungen, wirft, erfüllen, erreichte, Klage, rein, Beratung, freie, spät, Eröffnung, international, geradezu, eins, Zug, u."
"When it rains, I go to work.","interface, bound, sort, landing, to, decline, regularly, chief, drop, branch","Wenn es regnet, gehe ich zur Arbeit.","Werk, Gericht, internationalen, letzte, zweite, berichtet, Recht, anderem, Hälfte, Sache"
The weather is good.,"breaking, producers, racing, contributions, Portuguese",Das Wetter sieht auch super aus.,"Text, gehabt, Wagen, ähnlich, Kontrolle, Million, Norden, folgen"
"When I grow up, I want to be a part of that world.","accompanied, absence, attributed, e.g., for, specified, camera, landing, opposed, to, cancer, chief, interview, ordinary, responsibility","Wenn ich groß bin, möchte ich ein Teil dieser Welt sein.","Meter, Bild, Gruppe, Höhe, stellt, Juni, Familie, Bereich, Oktober, politischen, zum, acht, Frankreich"
"When I grow up, I want to be a good teacher.","old, be, administrative, representing, award, velocity, didn't, debt, affairs, Hitler, duties, references, falls, invasion, copy","Wenn ich groß bin, möchte ich Lehrer/in werden.","eigentlich, wer, Informationen, scheint, Stunden, politischen, vielleicht, Stuttgart, ließ, Meter, Grund"
"During summer, I like to get up early and have a beer.","jobs, in, landing, proteins, need, carrying, New, evolved, accompanied, yellow, for, ordinary, repeated, specified, Oxford",Im Sommer stehe ich gerne früh auf und trinke ein Bier.,"siehe, gespielt, Ärzte, möchten, zunehmend, Vertrieb, erheblich, genutzt, getroffen, starke, Händler, Ausbildung, beste, ermittelt"
I like to have a good time with my friends.,"morning, discussion, regularly, attributed, historians, vector, absence, specified, landing, classified, reign, repeated, for","Ich mag es, eine gute Zeit mit meinen Freunden zu haben.","Auge, Maria, Himmel, größeren, Finanzminister, früh, eindeutig, Dauer, Freude, Tor, Risiko, Fans, Nachbarn, entweder"
"When it rains, I will go to the beach.","discussion, City, point, responsibility, seek, landing, camera, interface, to, Arab, sort","Wenn es regnet, gehe ich an den Strand.","schwierigen, Bundestrainer, breit, gelöst, schlicht, Küche, Customizing, reagierte, wahren, maximal, Forum"
"The weather is getting hotter, so we're starting to get some heat.","falling, contribution, meters, receives, tons, medieval, volumes, ocean, rear, protocol, regardless, Norway, fellow, participants, threatened","Das Wetter wird heißer, also fangen wir an, etwas Wärme zu bekommen.","Festival, wohin, angeschlossen, lautete, deutet, Grunde, Fabrik, bekanntlich, Ausstellungen, Erbe, im, angeht, Films, stoßen"
"The weather was good, but the weather was not bad.","hypothesis, criticized, handle, switch, time, of, the, boundaries, at, murder, poem","Das Wetter war gut, aber das Wetter war nicht schlecht.","ähnlich, Verlust, gemeinsame, getötet, Start, vergessen, König, Museum, Wunsch, erster, Million, Schaden"
"In the morning, I usually go for a walk.","platform, rose, doctrine, department, wrong, magnitude, destruction, random, suffering",Morgens gehe ich meistens spazieren.,"unklar, gelöst, Perspektive, konzentrieren, Dame"
"In the morning, I usually have to go to the bathroom to pee.","faced, losing, vision, in, paintings, disk, copy, server, meat, front, bear, duties, of, affairs, measurement","Morgens muss ich meistens auf die Toilette, um zu pinkeln.","Konflikt, Teilen, Tore, prüfen, diskutiert, Einrichtungen, Regeln, starb, Anbieter, Vereinigung, unterdessen, zugeordnet"
My favorite food is the ones that make you feel good.,"hence, purchase, column, of, pitch, to, try, criticized, the, comic, web, as","Mein Lieblingsessen sind diejenigen, die dafür sorgen, dass du dich gut fühlst.","reichen, Leser, Jugend, Feuer, Energie, Generation, voller, Winter, Grad, Gelände, Niveau, regelmäßig, Bildung, Flughafen, zuständig, Spaß"
Where can I buy a beer at a beer shop?,"high, judges, dollars, Greece, composer, rice, marketing, transmitted, allies, sensitive, ask",Wo kann ich in einem Bierladen ein Bier kaufen?,"Freund, Beschäftigten, Leistung, Punkt, Thomas, droht, Million, vorher, Papier, A"
My mum is very much involved with her family.,"April, certain, always, England, described, present, lower, effect, October, months",Meine Mutter ist sehr in ihre Familie involviert.,"eigentlich, wissen, Grund, September, Oktober, Meter, vielleicht, künftig, ließ, Zukunft, gegeben"
My favorite food is the pork butt.,"Second, fifty, of, hills, insufficient, decorated, hero, behalf, the, century",Mein Lieblingsessen ist der Schweinekot.,"machte, Sprecher, Kunst, Seiten, europäischen, Trainer, Februar, Sein"
My favorite color is the black.,"varied, employment, accuracy, to, in, come, inhabitants, department, passengers",Meine Lieblingsfarbe ist das Schwarz.,"starten, Umsetzung, Dach, entwickelte, Aufnahme, meldete, Ton"
I feel happy when I see it again.,"creates, genre, remote, festival, kinds, partner, manager, reforms, aware","Ich bin glücklich, wenn ich es wieder sehe.","Kanzler, ums, Forschung, Engagement, verlieren, Gründe, Vorstellungen, befinden, Gott, Anleger, gesprochen"
"My mum is very proud, she's very proud.","monitor, dies, settle, on, Austrian, commentary, poor, consensus, lesser, contacts, threats, found","Meine Mutter ist sehr stolz, sie ist sehr stolz.","soziale, Punkt, droht, überall, Beziehungen, abgeschlossen, Thomas, Republik, Leistung, Freund, Erfahrung, ausschließlich"
"On weekends, I enjoy the occasional meal or two of a meal of a meal.","interaction, bill, be, indicates, percentage, hope, illegal, industries, purchased, notably, committee, sum, essentially, appeal, Germans, trained",Am Wochenende genieße ich die gelegentliche Mahlzeit oder zwei Mahlzeiten einer Mahlzeit.,"geworden, Zahl, weit, Partei, eher, Entwicklung, Präsident, derzeit, statt, Platz, Januar, einfach, Bonn, deutlich, je, oft, meisten"
My favorite color is the blue sky.,"surviving, made, more, manager, empire, controversial, restored, carrier, albums",Meine Lieblingsfarbe ist Blau.,"August, gute, jeden, welche, bislang, dürfen"
My favorite food is the one in the fridge.,"raise, experimental, to, routes, funding, visitors, museum, large, biological, reference, clock, comparison, reactions",Mein Lieblingsessen ist das im Kühlschrank.,"Problem, Deutsche, Kunst, müßten, paar, Sprecher, Ihre"
My favorite food is the spicy chicken.,"cooking, warning, emotional, acids, sand, smooth, altered, oral, manage, prepare",Mein Lieblingsessen ist das würzige Hähnchen.,"jeweils, hieß, Trainer, gehören, welche, Bürger, Euro"
Where can I get my own coffee?,"experimental, characteristic, not, incident, begun, biological, ready, or",Wo bekomme ich meinen eigenen Kaffee?,"Ausführung, Substanzen, verlaufen, Gesellschafter, kenne, Grün, verringern, aufzubauen, Signale"
"On weekends, I enjoy the sun, the sun, and the sound of my voice.","or, comparison, not, solutions, banks, incident, experimental, characteristic, to, firm, twelve, museum, spectrum, stands, favor, routes, damaged, raise, clock","Am Wochenende genieße ich die Sonne, die Sonne und den Klang meiner Stimme.","Lohn, zurückgegangen, Profil, Ausgang, Müll, Vernunft, Element, Autorin, Sachen, zufällig, Korruption, Sand, Entlastung, Mode, C, These"
My favorite color is the red.,"organic, tape, milk, snow, classification, retired, challenge",Meine Lieblingsfarbe ist Rot.,"weshalb, berichteten, Ludwigsburg, sprachen, DW"
"In the morning, I usually have a few minutes to think.","traditionally, law, reactions, prove, consisted, damaged, favor, painted, blocks, to, brown, theatre, stands",Morgens habe ich meist ein paar Minuten zum Nachdenken.,"begangen, anderen, heftige, unterhalten, polnische, Nerven, diesjährigen, geltenden, Werden, gewohnt, Schiffe, Abhängigkeit"
My favorite color is white and black.,"supports, railway, in, come, educational, enjoyed, varied, nd, speakers",Meine Lieblingsfarbe ist Weiß und Schwarz.,"Katastrophe, späteren, Vortrag, Marke, gewiß, fragte, Umständen"
"In the morning, I usually don't bother to check in.","coastal, spoke, dollars, childhood, directions, Scott, penalty, much, shell, permission, common","Am Morgen mache ich mir normalerweise nicht die Mühe, einzuchecken.","höchsten, schließt, hört, Ausgaben, M., Becker, unterschiedliche, mache, Mitteln, schloß, Kassen"
My favorite food is a lot of things.,"boundary, slave, waters, doctrine, piano, of, magnitude, master, atomic, soul, the",Mein Lieblingsessen sind viele Dinge.,"zeigte, geplanten, Behörden, helfen, Minister, entscheiden, übernehmen, Ihnen"
Where can I start my own business?,"homes, drawing, Hollywood, begun, routes, incident, blocks, consisting, number",Wo kann ich mein eigenes Unternehmen gründen?,"teilnehmen, gefördert, Weihnachten, Klima, Bewerber, welchem, Lehre, übergeben, Trennung"
My favorite color is the white-and-gray.,"rising, nd, to, isolated, boundary, in, accuracy",Meine Lieblingsfarbe ist das Weiß-Grau.,"eher, schließlich, Mitarbeiter, Namen, Europa, Nur, darf, Seite"
"In the morning, I usually get up to go to bed at 6:30 AM, and then.","front, calling, so-called, hospital, errors, try, conversion, offices, jazz, concrete, to, passage, concert, lay, messages, ago, operational, which",MYMEMORY WARNING: YOU USED ALL AVAILABLE FREE TRANSLATIONS FOR TODAY. NEXT AVAILABLE IN  18 HOURS 44 MINUTES 29 SECONDS VISIT HTTPS://MYMEMORY.TRANSLATED.NET/DOC/USAGELIMITS.PHP TO TRANSLATE MORE,"verbinden, erinnerte, Instituts, Tschetschenien, Fritz, Profis, halbes, Aufschwung, Technologie, Kilometern, gesteigert, Nazis, Religion, absolute, engen, Beifall, i, Minus, Vertretern, Paar, Turnier, Merkmale, wissenschaftliche, Handeln, Sarajewo, aufgestellt, Tier"
Where can I find a place to go?,"yellow, mounted, camera, New, seconds, agricultural, arrested, interview, evolved, peak, reign",MYMEMORY WARNING: YOU USED ALL AVAILABLE FREE TRANSLATIONS FOR TODAY. NEXT AVAILABLE IN  18 HOURS 44 MINUTES 29 SECONDS VISIT HTTPS://MYMEMORY.TRANSLATED.NET/DOC/USAGELIMITS.PHP TO TRANSLATE MORE,"Merkmale, engen, seinerzeit, schauen, halbes, Turnier, wissenschaftliche, Herrschaft, Beifall, Kiel, Kurt, Generalsekretär, Fritz, österreichischen, Handeln, Paar, absolute, Aufschwung, Instituts, Kilometern, i, Ost, Schätzungen, Tier, verbinden"
A dog has been found with his head stuck in a hole in a tree.,"in, width, festivals, totally, eleven, Russell, preceding, uniforms, absent, visits, golden, planes, prototype, accordance, bandwidth, defining, Mississippi, seventh, balls",MYMEMORY WARNING: YOU USED ALL AVAILABLE FREE TRANSLATIONS FOR TODAY. NEXT AVAILABLE IN  18 HOURS 44 MINUTES 29 SECONDS VISIT HTTPS://MYMEMORY.TRANSLATED.NET/DOC/USAGELIMITS.PHP TO TRANSLATE MORE,"Fritz, Merkmale, leichte, Grundstück, Handeln, Vertretern, halbes, seinerzeit, letzter, Profis, Kiel, Schätzungen, Paar, Instituts, Nazis, österreichischen, Minus, absolute, Beifall, Sarajewo, Tschetschenien, Herrschaft, Kurt, Kilometern, i, erinnerte"
A dog has a special place in my heart.,"descriptions, slight, competitions, reconstruction, schemes, reflection, baby, Portugal, thirty, In",MYMEMORY WARNING: YOU USED ALL AVAILABLE FREE TRANSLATIONS FOR TODAY. NEXT AVAILABLE IN  18 HOURS 44 MINUTES 29 SECONDS VISIT HTTPS://MYMEMORY.TRANSLATED.NET/DOC/USAGELIMITS.PHP TO TRANSLATE MORE,"letzter, Instituts, Technologie, Sarajewo, Herrschaft, schauen, Zentrale, erinnerte, aufgestellt, Kilometern, verbinden, gesteigert, Kurt, i, Schätzungen, wissenschaftliche, Turnier, Tier, halbes, leichte, Beifall, Merkmale, absolute"
I feel happy when the people around me can see that we can do it.,"Oxford, specified, accurate, reign, agricultural, accompanied, regularly, historians, discussed, camera, vessels, distinction, survive, opposed, Zealand, repeated",MYMEMORY WARNING: YOU USED ALL AVAILABLE FREE TRANSLATIONS FOR TODAY. NEXT AVAILABLE IN  18 HOURS 44 MINUTES 29 SECONDS VISIT HTTPS://MYMEMORY.TRANSLATED.NET/DOC/USAGELIMITS.PHP TO TRANSLATE MORE,"Religion, Fritz, Technologie, Schätzungen, Zentrale, Kiel, gesteigert, letzter, leichte, Tier, Merkmale, Nazis, engen, Herrschaft, Grundstück, wissenschaftliche, Tschetschenien, Generalsekretär, verbinden, österreichischen, Paar, Handeln, Kurt, Wilhelm, Beifall"
Where can I get it?,"discussed, vector, need, attributed, bound, decline",MYMEMORY WARNING: YOU USED ALL AVAILABLE FREE TRANSLATIONS FOR TODAY. NEXT AVAILABLE IN  18 HOURS 44 MINUTES 29 SECONDS VISIT HTTPS://MYMEMORY.TRANSLATED.NET/DOC/USAGELIMITS.PHP TO TRANSLATE MORE,"Tschetschenien, Religion, Fritz, absolute, aufgestellt, Wilhelm, österreichischen, Ost, leichte, Herrschaft, Beifall, schauen, Vertretern, Sarajewo, Profis, seinerzeit, wissenschaftliche, Paar, Aufschwung, Kiel, Kilometern, Tier, letzter, gesteigert"
I feel happy when I do it.,"flag, girls, missiles, Pakistan, automatically, delay, displays, attempting, dynamic",MYMEMORY WARNING: YOU USED ALL AVAILABLE FREE TRANSLATIONS FOR TODAY. NEXT AVAILABLE IN  18 HOURS 44 MINUTES 28 SECONDS VISIT HTTPS://MYMEMORY.TRANSLATED.NET/DOC/USAGELIMITS.PHP TO TRANSLATE MORE,"Paar, Grundstück, Tschetschenien, letzter, Schätzungen, absolute, verbinden, Turnier, Beifall, Sarajewo, Religion, Kurt, Nazis, Wilhelm, Kilometern, leichte, halbes, Profis, seinerzeit, Aufschwung, österreichischen, aufgestellt, wissenschaftliche, Herrschaft, Tier, Generalsekretär"
Where can I get a job?,"Hitler, engaged, closer, Elizabeth, communications, frequent, texts, returns, identical",MYMEMORY WARNING: YOU USED ALL AVAILABLE FREE TRANSLATIONS FOR TODAY. NEXT AVAILABLE IN  18 HOURS 44 MINUTES 28 SECONDS VISIT HTTPS://MYMEMORY.TRANSLATED.NET/DOC/USAGELIMITS.PHP TO TRANSLATE MORE,"Sarajewo, österreichischen, Fritz, absolute, Handeln, engen, verbinden, Merkmale, Beifall, aufgestellt, halbes, seinerzeit, schauen, Minus, Ost, Religion, Kiel, Generalsekretär, erinnerte, Vertretern, Grundstück, Herrschaft, Tschetschenien, Profis, wissenschaftliche, Zentrale, Instituts, Wilhelm"
Where can I start?,"losing, front, faced, Wilson, invasion, measurement",MYMEMORY WARNING: YOU USED ALL AVAILABLE FREE TRANSLATIONS FOR TODAY. NEXT AVAILABLE IN  18 HOURS 44 MINUTES 28 SECONDS VISIT HTTPS://MYMEMORY.TRANSLATED.NET/DOC/USAGELIMITS.PHP TO TRANSLATE MORE,"Kiel, Technologie, Minus, letzter, Aufschwung, Ost, Tier, Paar, erinnerte, absolute, Grundstück, Profis, seinerzeit, i, Merkmale, Tschetschenien, leichte, Beifall, Generalsekretär, Kilometern, wissenschaftliche, Schätzungen, Handeln"
My favorite color is blue.,"depicted, controversial, interpreted, manager, load, grounds, cited, partner",MYMEMORY WARNING: YOU USED ALL AVAILABLE FREE TRANSLATIONS FOR TODAY. NEXT AVAILABLE IN  18 HOURS 44 MINUTES 28 SECONDS VISIT HTTPS://MYMEMORY.TRANSLATED.NET/DOC/USAGELIMITS.PHP TO TRANSLATE MORE,"Turnier, Grundstück, erinnerte, Tier, schauen, wissenschaftliche, Zentrale, Kurt, Sarajewo, verbinden, Religion, Profis, Fritz, Merkmale, seinerzeit, engen, Nazis, gesteigert, Kiel, Tschetschenien, Generalsekretär, österreichischen"
My favorite color is the red one.,"magnitude, nd, supports, piano, boundary, department, consisting, getting",MYMEMORY WARNING: YOU USED ALL AVAILABLE FREE TRANSLATIONS FOR TODAY. NEXT AVAILABLE IN  18 HOURS 44 MINUTES 28 SECONDS VISIT HTTPS://MYMEMORY.TRANSLATED.NET/DOC/USAGELIMITS.PHP TO TRANSLATE MORE,"seinerzeit, Handeln, verbinden, Generalsekretär, schauen, wissenschaftliche, Religion, Ost, Zentrale, Beifall, halbes, Nazis, Vertretern, Sarajewo, Kilometern, Minus, absolute, Grundstück, gesteigert, leichte, i, Paar, Kiel, aufgestellt, Tschetschenien, Merkmale"
My favorite food is from the South Pacific.,"campus, sport, waters, partially, lists, senior, slave, producer, scheme, master, reflected, continuing",MYMEMORY WARNING: YOU USED ALL AVAILABLE FREE TRANSLATIONS FOR TODAY. NEXT AVAILABLE IN  18 HOURS 44 MINUTES 28 SECONDS VISIT HTTPS://MYMEMORY.TRANSLATED.NET/DOC/USAGELIMITS.PHP TO TRANSLATE MORE,"österreichischen, Vertretern, Schätzungen, Instituts, Technologie, Kilometern, aufgestellt, Turnier, Nazis, Kiel, i, Aufschwung, Tier, Sarajewo, Beifall, Ost, absolute, erinnerte, Merkmale, Fritz, Profis, Tschetschenien, letzter, wissenschaftliche, Generalsekretär, verbinden, schauen"
"On weekends, I enjoy playing on my own.","damaged, routes, raise, museum, drawing, ready, safe, ruled, number, employees, characteristic, twelve",MYMEMORY WARNING: YOU USED ALL AVAILABLE FREE TRANSLATIONS FOR TODAY. NEXT AVAILABLE IN  18 HOURS 44 MINUTES 28 SECONDS VISIT HTTPS://MYMEMORY.TRANSLATED.NET/DOC/USAGELIMITS.PHP TO TRANSLATE MORE,"Sarajewo, verbinden, Beifall, seinerzeit, Generalsekretär, Kurt, wissenschaftliche, Schätzungen, aufgestellt, Aufschwung, Tier, österreichischen, gesteigert, Instituts, Tschetschenien, schauen, Handeln, Merkmale, Paar, Kiel, Nazis, Wilhelm, Religion, letzter"
I feel happy when I do.,"cooking, diagram, drivers, briefly, landscape, jury, crops, gap, doubt",MYMEMORY WARNING: YOU USED ALL AVAILABLE FREE TRANSLATIONS FOR TODAY. NEXT AVAILABLE IN  18 HOURS 44 MINUTES 27 SECONDS VISIT HTTPS://MYMEMORY.TRANSLATED.NET/DOC/USAGELIMITS.PHP TO TRANSLATE MORE,"Zentrale, Instituts, Ost, Handeln, Kiel, halbes, letzter, Grundstück, Kurt, absolute, Fritz, Minus, gesteigert, Nazis, österreichischen, aufgestellt, verbinden, erinnerte, Aufschwung, Technologie, Sarajewo, leichte, Turnier, Merkmale, Beifall, Generalsekretär, Tier"
"In the morning, I usually go to bed early.","department, continuing, doctrine, foundation, piano, campus, I'm, partially, suffering, proposal, inhabitants, waters, speakers",MYMEMORY WARNING: YOU USED ALL AVAILABLE FREE TRANSLATIONS FOR TODAY. NEXT AVAILABLE IN  18 HOURS 44 MINUTES 27 SECONDS VISIT HTTPS://MYMEMORY.TRANSLATED.NET/DOC/USAGELIMITS.PHP TO TRANSLATE MORE,"Schätzungen, Grundstück, Wilhelm, verbinden, Instituts, Kiel, Nazis, wissenschaftliche, österreichischen, leichte, absolute, aufgestellt, Handeln, Tier, Aufschwung, Paar, Kurt, Technologie, engen, Profis, Generalsekretär, Turnier, Ost, gesteigert, Kilometern, erinnerte"
My favorite food is usually the meatballs.,"rotation, medicine, difficulty, try, strings, fishing, comic, jazz",MYMEMORY WARNING: YOU USED ALL AVAILABLE FREE TRANSLATIONS FOR TODAY. NEXT AVAILABLE IN  18 HOURS 44 MINUTES 27 SECONDS VISIT HTTPS://MYMEMORY.TRANSLATED.NET/DOC/USAGELIMITS.PHP TO TRANSLATE MORE,"Aufschwung, Schätzungen, halbes, Handeln, Turnier, Profis, Tier, leichte, Wilhelm, erinnerte, absolute, Merkmale, i, Religion, gesteigert, Fritz, Technologie, letzter, Herrschaft, Tschetschenien, Beifall"
"My favorite food is the chicken, the chicken is very good.","reportedly, tension, poorly, whatever, documentary, vowels, vital, van, sight, infection, for, audiences, reason, considering, yield, encourage",MYMEMORY WARNING: YOU USED ALL AVAILABLE FREE TRANSLATIONS FOR TODAY. NEXT AVAILABLE IN  18 HOURS 44 MINUTES 27 SECONDS VISIT HTTPS://MYMEMORY.TRANSLATED.NET/DOC/USAGELIMITS.PHP TO TRANSLATE MORE,"Sarajewo, halbes, seinerzeit, Merkmale, wissenschaftliche, Technologie, erinnerte, Tier, absolute, Generalsekretär, Beifall, Instituts, Schätzungen, Nazis, Fritz, Kiel, schauen, Turnier, aufgestellt, Kilometern, Grundstück, engen, Paar, Ost"
My favorite color is the red.,"involve, vacuum, characterized, empty, diplomatic, downtown, organic, fresh",MYMEMORY WARNING: YOU USED ALL AVAILABLE FREE TRANSLATIONS FOR TODAY. NEXT AVAILABLE IN  18 HOURS 44 MINUTES 27 SECONDS VISIT HTTPS://MYMEMORY.TRANSLATED.NET/DOC/USAGELIMITS.PHP TO TRANSLATE MORE,"aufgestellt, Technologie, Wilhelm, Kilometern, verbinden, Religion, Generalsekretär, Tschetschenien, erinnerte, seinerzeit, halbes, Merkmale, Herrschaft, engen, Vertretern, schauen, Minus, wissenschaftliche, absolute, Turnier, Tier, Paar, Beifall, Zentrale"
Where can I get the new version of this game?,"principal, branch, ordinary, absence, City, opposed, implementation, cancer, returning, files, relation",MYMEMORY WARNING: YOU USED ALL AVAILABLE FREE TRANSLATIONS FOR TODAY. NEXT AVAILABLE IN  18 HOURS 44 MINUTES 27 SECONDS VISIT HTTPS://MYMEMORY.TRANSLATED.NET/DOC/USAGELIMITS.PHP TO TRANSLATE MORE,"Kiel, Paar, Vertretern, erinnerte, Sarajewo, Schätzungen, Beifall, Wilhelm, Nazis, Technologie, Generalsekretär, Minus, Kilometern, Fritz, i, Tschetschenien, Tier, Grundstück, schauen, seinerzeit, verbinden, Kurt, absolute"
Where can I buy my tickets?,"tunnel, the, f, mere, Kong",MYMEMORY WARNING: YOU USED ALL AVAILABLE FREE TRANSLATIONS FOR TODAY. NEXT AVAILABLE IN  18 HOURS 44 MINUTES 26 SECONDS VISIT HTTPS://MYMEMORY.TRANSLATED.NET/DOC/USAGELIMITS.PHP TO TRANSLATE MORE,"aufgestellt, Ost, Religion, Nazis, Turnier, Tschetschenien, Vertretern, Generalsekretär, Herrschaft, i, Profis, erinnerte, letzter, Kilometern, Merkmale, Sarajewo, Tier, Zentrale, Handeln, Instituts, halbes, Paar, Kurt, Grundstück"
I feel happy when I am able to take care of myself.,"long, cutting, as, improvement, science, scores, conflicts, fill, longest, headed, permit",MYMEMORY WARNING: YOU USED ALL AVAILABLE FREE TRANSLATIONS FOR TODAY. NEXT AVAILABLE IN  18 HOURS 44 MINUTES 26 SECONDS VISIT HTTPS://MYMEMORY.TRANSLATED.NET/DOC/USAGELIMITS.PHP TO TRANSLATE MORE,"erinnerte, Tschetschenien, Merkmale, Wilhelm, i, Profis, halbes, Technologie, Zentrale, Sarajewo, engen, wissenschaftliche, Kilometern, Vertretern, verbinden, Aufschwung, Ost, Herrschaft, Fritz, Kurt, Tier, leichte, Handeln"
Where can I use this calculator?,"chief, spirit, opposed, discussed, morning, bound, branch, absolute",MYMEMORY WARNING: YOU USED ALL AVAILABLE FREE TRANSLATIONS FOR TODAY. NEXT AVAILABLE IN  18 HOURS 44 MINUTES 26 SECONDS VISIT HTTPS://MYMEMORY.TRANSLATED.NET/DOC/USAGELIMITS.PHP TO TRANSLATE MORE,"Ost, letzter, Aufschwung, aufgestellt, absolute, Profis, Generalsekretär, engen, Wilhelm, Handeln, schauen, Tier, Schätzungen, verbinden, Religion, Beifall, Paar, Instituts, halbes, Kilometern, Zentrale, Kurt, erinnerte, österreichischen"
I feel happy when I'm on top of my game.,"quarter, raise, present, to, given, number, bar, procedure, consisting, birds, Hollywood, experimental, characteristic, Asian",MYMEMORY WARNING: YOU USED ALL AVAILABLE FREE TRANSLATIONS FOR TODAY. NEXT AVAILABLE IN  18 HOURS 44 MINUTES 26 SECONDS VISIT HTTPS://MYMEMORY.TRANSLATED.NET/DOC/USAGELIMITS.PHP TO TRANSLATE MORE,"Vertretern, letzter, Schätzungen, österreichischen, Handeln, Wilhelm, Beifall, Fritz, Turnier, halbes, verbinden, Kiel, Profis, engen, schauen, Ost, Tschetschenien, Minus, gesteigert, wissenschaftliche, Paar, Religion, Technologie, Sarajewo, Nazis, i, aufgestellt, Kilometern"
I feel happy when I get to work.,"Lincoln, surfaces, Netherlands, admitted, Lewis, movies, evening, headquarters, naturally, retained, it",MYMEMORY WARNING: YOU USED ALL AVAILABLE FREE TRANSLATIONS FOR TODAY. NEXT AVAILABLE IN  18 HOURS 44 MINUTES 26 SECONDS VISIT HTTPS://MYMEMORY.TRANSLATED.NET/DOC/USAGELIMITS.PHP TO TRANSLATE MORE,"wissenschaftliche, Generalsekretär, Handeln, Kilometern, halbes, Herrschaft, Turnier, Schätzungen, Profis, Technologie, Kiel, Merkmale, absolute, Nazis, Aufschwung, verbinden, gesteigert, Minus, leichte, Tschetschenien, Instituts, Vertretern, Beifall, Sarajewo, Wilhelm, erinnerte"
A dog has been found guilty of a manslaughter charge.,"inches, enhanced, Britain, y, wait, promise, symbolic, clouds, nose, to, skilled, sheet, habitat",MYMEMORY WARNING: YOU USED ALL AVAILABLE FREE TRANSLATIONS FOR TODAY. NEXT AVAILABLE IN  18 HOURS 44 MINUTES 26 SECONDS VISIT HTTPS://MYMEMORY.TRANSLATED.NET/DOC/USAGELIMITS.PHP TO TRANSLATE MORE,"Kurt, leichte, Paar, Generalsekretär, Profis, Beifall, Aufschwung, Ost, Herrschaft, Handeln, schauen, Schätzungen, letzter, Instituts, Kiel, aufgestellt, Fritz, halbes, erinnerte, verbinden, Merkmale, Tier, Tschetschenien, i, Vertretern"
"On weekends, I enjoy a nice, sunny day out in the countryside.","poverty, thermal, prisoners, volumes, headquarters, Islam, retained, protocol, wire, Lewis, ed., enemies, warfare, Nations, market, roll",MYMEMORY WARNING: YOU USED ALL AVAILABLE FREE TRANSLATIONS FOR TODAY. NEXT AVAILABLE IN  18 HOURS 44 MINUTES 26 SECONDS VISIT HTTPS://MYMEMORY.TRANSLATED.NET/DOC/USAGELIMITS.PHP TO TRANSLATE MORE,"österreichischen, erinnerte, Merkmale, Instituts, aufgestellt, Sarajewo, Technologie, absolute, Handeln, letzter, schauen, verbinden, Aufschwung, Ost, Paar, leichte, Kurt, Schätzungen, Tschetschenien, i, Fritz, Profis, Religion, Kilometern"
"During summer, I like to spend time with the kids.","routine, bombs, demonstration, the, expect, Second, Stalin, fame, transit, fifty, topology, behalf, isolation",MYMEMORY WARNING: YOU USED ALL AVAILABLE FREE TRANSLATIONS FOR TODAY. NEXT AVAILABLE IN  18 HOURS 44 MINUTES 25 SECONDS VISIT HTTPS://MYMEMORY.TRANSLATED.NET/DOC/USAGELIMITS.PHP TO TRANSLATE MORE,"Paar, Generalsekretär, Technologie, Instituts, Sarajewo, letzter, Wilhelm, Beifall, Kurt, Merkmale, i, seinerzeit, verbinden, Religion, Fritz, Kilometern, leichte, Handeln, Turnier, Minus, Zentrale, absolute, halbes, gesteigert, Nazis"
Today I saw a photo of the same man dressed as a woman.,"drew, nominated, beautiful, array, defensive, gets, burned, neck, consumer, one, conclusion, waste, eat, as, talk",MYMEMORY WARNING: YOU USED ALL AVAILABLE FREE TRANSLATIONS FOR TODAY. NEXT AVAILABLE IN  18 HOURS 44 MINUTES 25 SECONDS VISIT HTTPS://MYMEMORY.TRANSLATED.NET/DOC/USAGELIMITS.PHP TO TRANSLATE MORE,"wissenschaftliche, Schätzungen, leichte, Profis, absolute, i, Sarajewo, engen, Kurt, Wilhelm, Instituts, Grundstück, Nazis, Zentrale, Tschetschenien, Kilometern, Turnier, seinerzeit, Minus, aufgestellt, gesteigert, Handeln, Merkmale, Religion, Beifall"
"A dog has been found alive, a dog has been found dead.","symbolic, enters, clouds, y, wait, mentions, skilled, flew, lunar, organisation, habitat, Great, targeted, static, to, nose",MYMEMORY WARNING: YOU USED ALL AVAILABLE FREE TRANSLATIONS FOR TODAY. NEXT AVAILABLE IN  18 HOURS 44 MINUTES 25 SECONDS VISIT HTTPS://MYMEMORY.TRANSLATED.NET/DOC/USAGELIMITS.PHP TO TRANSLATE MORE,"Paar, Grundstück, Turnier, Handeln, Fritz, Technologie, wissenschaftliche, Schätzungen, Tier, engen, Kurt, Ost, letzter, Aufschwung, gesteigert, halbes, Merkmale, aufgestellt, Sarajewo, Herrschaft, absolute, österreichischen, Kiel, Nazis"
I feel happy when I'm in a place where I'm able to be myself.,"independently, province, seeking, fly, functional, warm, replacement, partial, intense, Jerusalem, recovery, estate, editions",MYMEMORY WARNING: YOU USED ALL AVAILABLE FREE TRANSLATIONS FOR TODAY. NEXT AVAILABLE IN  18 HOURS 44 MINUTES 25 SECONDS VISIT HTTPS://MYMEMORY.TRANSLATED.NET/DOC/USAGELIMITS.PHP TO TRANSLATE MORE,"engen, Instituts, Vertretern, Kilometern, wissenschaftliche, Tschetschenien, Grundstück, absolute, erinnerte, Zentrale, Tier, Ost, gesteigert, österreichischen, halbes, Kiel, Handeln, Schätzungen, leichte, Religion, Generalsekretär, Beifall, Kurt, Nazis, Sarajewo, Paar"
"When I grow up, I want to be an astronaut.","finite, an, in, to, velocity, copy, fluid, invasion, server, affairs, Hitler, be",MYMEMORY WARNING: YOU USED ALL AVAILABLE FREE TRANSLATIONS FOR TODAY. NEXT AVAILABLE IN  18 HOURS 44 MINUTES 25 SECONDS VISIT HTTPS://MYMEMORY.TRANSLATED.NET/DOC/USAGELIMITS.PHP TO TRANSLATE MORE,"Kilometern, Ost, Merkmale, Handeln, Paar, gesteigert, Beifall, Fritz, österreichischen, Instituts, Turnier, Herrschaft, engen, Sarajewo, Tschetschenien, Kiel, erinnerte, halbes, Religion, Nazis, verbinden, Wilhelm, i, Vertretern, Minus"
"Today I saw a little kid in the corner, that was my daughter.","apparently, addition, regard, disk, paintings, IBM, experiences, ceremony, invasion, median, Asian, wine, to, killing, tanks, in, award",MYMEMORY WARNING: YOU USED ALL AVAILABLE FREE TRANSLATIONS FOR TODAY. NEXT AVAILABLE IN  18 HOURS 44 MINUTES 25 SECONDS VISIT HTTPS://MYMEMORY.TRANSLATED.NET/DOC/USAGELIMITS.PHP TO TRANSLATE MORE,"Ost, Technologie, Tier, wissenschaftliche, Sarajewo, Paar, erinnerte, Zentrale, aufgestellt, Religion, Herrschaft, Tschetschenien, Turnier, Profis, Merkmale, Kiel, Fritz, i, Kilometern, Wilhelm, schauen, Minus, Grundstück, Beifall, halbes, absolute, Vertretern, Aufschwung, Generalsekretär"
My favorite food is the red chili.,"accuracy, partially, speakers, magnitude, atomic, consisting, suffering, selling",MYMEMORY WARNING: YOU USED ALL AVAILABLE FREE TRANSLATIONS FOR TODAY. NEXT AVAILABLE IN  18 HOURS 44 MINUTES 24 SECONDS VISIT HTTPS://MYMEMORY.TRANSLATED.NET/DOC/USAGELIMITS.PHP TO TRANSLATE MORE,"Technologie, Fritz, seinerzeit, i, Instituts, Paar, Turnier, aufgestellt, engen, schauen, österreichischen, gesteigert, Generalsekretär, halbes, Tier, Ost, Grundstück, Nazis, Tschetschenien, Zentrale, Herrschaft, erinnerte, Kurt, letzter"
Today I saw the film.,"herself, happened, in, industries, hope, indicates, extension",MYMEMORY WARNING: YOU USED ALL AVAILABLE FREE TRANSLATIONS FOR TODAY. NEXT AVAILABLE IN  18 HOURS 44 MINUTES 24 SECONDS VISIT HTTPS://MYMEMORY.TRANSLATED.NET/DOC/USAGELIMITS.PHP TO TRANSLATE MORE,"Religion, Kurt, gesteigert, absolute, Tschetschenien, Minus, letzter, aufgestellt, Handeln, Nazis, Kiel, Herrschaft, Kilometern, Sarajewo, Technologie, Generalsekretär, Vertretern, Aufschwung, wissenschaftliche, i, leichte, Profis, Wilhelm, Schätzungen, Zentrale, erinnerte, Paar"
"When I grow up, I want to be able to go back to the old times.","exposure, executive, roots, draw, situations, outside, that, criminal, tell, at, vertical, Egypt, hunting, depth, integrated, novels, experiment, than, hour, sentence, strike, printing",MYMEMORY WARNING: YOU USED ALL AVAILABLE FREE TRANSLATIONS FOR TODAY. NEXT AVAILABLE IN  18 HOURS 44 MINUTES 24 SECONDS VISIT HTTPS://MYMEMORY.TRANSLATED.NET/DOC/USAGELIMITS.PHP TO TRANSLATE MORE,"Herrschaft, Paar, Kurt, erinnerte, aufgestellt, Merkmale, Zentrale, seinerzeit, gesteigert, Fritz, Tschetschenien, Grundstück, absolute, Religion, Beifall, Schätzungen, schauen, verbinden, Profis, leichte, Sarajewo, Aufschwung, Kilometern, Generalsekretär, Ost, Tier, Instituts, Nazis"
Today I saw a lot of things on the internet.,"Soviet, forming, recommended, candidate, hope, herself, gender, promoted, sum, perceived, sons, stability, assembly",MYMEMORY WARNING: YOU USED ALL AVAILABLE FREE TRANSLATIONS FOR TODAY. NEXT AVAILABLE IN  18 HOURS 44 MINUTES 24 SECONDS VISIT HTTPS://MYMEMORY.TRANSLATED.NET/DOC/USAGELIMITS.PHP TO TRANSLATE MORE,"verbinden, Beifall, Tschetschenien, engen, absolute, Sarajewo, schauen, Wilhelm, Generalsekretär, Technologie, gesteigert, Zentrale, Nazis, leichte, Profis, Instituts, Merkmale, Kurt, Kiel, halbes, seinerzeit, Kilometern, Schätzungen, Turnier, Paar, Fritz"
A dog has its own personality.,"turbine, inheritance, resignation, small, examined, uncertainty, balanced, voyage, the",MYMEMORY WARNING: YOU USED ALL AVAILABLE FREE TRANSLATIONS FOR TODAY. NEXT AVAILABLE IN  18 HOURS 44 MINUTES 24 SECONDS VISIT HTTPS://MYMEMORY.TRANSLATED.NET/DOC/USAGELIMITS.PHP TO TRANSLATE MORE,"halbes, Turnier, Technologie, engen, gesteigert, Tschetschenien, Merkmale, Aufschwung, Kurt, leichte, i, absolute, Instituts, erinnerte, Sarajewo, Ost, aufgestellt, Kilometern, schauen, Profis, österreichischen, seinerzeit, Beifall, Zentrale"
My favorite food is my own.,"wrong, consisting, rose, selling, slave, speakers, doctrine, individual",MYMEMORY WARNING: YOU USED ALL AVAILABLE FREE TRANSLATIONS FOR TODAY. NEXT AVAILABLE IN  18 HOURS 44 MINUTES 24 SECONDS VISIT HTTPS://MYMEMORY.TRANSLATED.NET/DOC/USAGELIMITS.PHP TO TRANSLATE MORE,"Paar, Profis, verbinden, Sarajewo, Tier, aufgestellt, Schätzungen, Technologie, Turnier, letzter, Fritz, Grundstück, erinnerte, Kiel, Beifall, engen, Handeln, Religion, Instituts, seinerzeit, i, halbes, leichte, Vertretern"
Today I saw a couple of pictures of my wife and daughter.,"layers, the, beliefs, extension, recommended, brown, notably, sons, option, gender, association, hope, happened",MYMEMORY WARNING: YOU USED ALL AVAILABLE FREE TRANSLATIONS FOR TODAY. NEXT AVAILABLE IN  18 HOURS 44 MINUTES 24 SECONDS VISIT HTTPS://MYMEMORY.TRANSLATED.NET/DOC/USAGELIMITS.PHP TO TRANSLATE MORE,"leichte, österreichischen, absolute, Ost, wissenschaftliche, Handeln, Minus, Turnier, Kilometern, Generalsekretär, engen, Tschetschenien, Aufschwung, Technologie, i, Fritz, Kiel, letzter, Beifall, Schätzungen, Grundstück, Herrschaft, Vertretern, Profis"
My best friend is a real girl who is a very talented musician.,"this, as, insurance, behaviour, gets, missing, by, occasion, talk, defensive, virtual, personality, addressed, voters, violent, completion",MYMEMORY WARNING: YOU USED ALL AVAILABLE FREE TRANSLATIONS FOR TODAY. NEXT AVAILABLE IN  18 HOURS 44 MINUTES 23 SECONDS VISIT HTTPS://MYMEMORY.TRANSLATED.NET/DOC/USAGELIMITS.PHP TO TRANSLATE MORE,"Profis, absolute, Paar, Kilometern, seinerzeit, letzter, Kiel, Beifall, österreichischen, erinnerte, Minus, Tschetschenien, Religion, Fritz, wissenschaftliche, Aufschwung, Turnier, Ost, Vertretern, Herrschaft, Handeln, Zentrale, Generalsekretär, Technologie, Schätzungen"
Today I saw the pictures of this guy in the last couple of weeks.,"vs., honour, New, convert, chest, Murray, breed, choices, papal, apart, Orleans, genome, sodium, compiled, seasonal, murdered, centres, careful",MYMEMORY WARNING: YOU USED ALL AVAILABLE FREE TRANSLATIONS FOR TODAY. NEXT AVAILABLE IN  18 HOURS 44 MINUTES 23 SECONDS VISIT HTTPS://MYMEMORY.TRANSLATED.NET/DOC/USAGELIMITS.PHP TO TRANSLATE MORE,"i, letzter, seinerzeit, Nazis, österreichischen, Kilometern, Ost, Beifall, Instituts, Grundstück, schauen, Sarajewo, engen, Merkmale, Tschetschenien, gesteigert, Turnier, Paar, erinnerte, Schätzungen, wissenschaftliche, Wilhelm, verbinden, Profis"
"When I grow up, I want to be a teacher.","speakers, doctrine, the, master, waters, dominated, sun, boundary, distinguished, nd, individual, detail",MYMEMORY WARNING: YOU USED ALL AVAILABLE FREE TRANSLATIONS FOR TODAY. NEXT AVAILABLE IN  18 HOURS 44 MINUTES 23 SECONDS VISIT HTTPS://MYMEMORY.TRANSLATED.NET/DOC/USAGELIMITS.PHP TO TRANSLATE MORE,"Handeln, Kiel, Technologie, Beifall, aufgestellt, i, Wilhelm, Fritz, leichte, Tier, Religion, Schätzungen, letzter, österreichischen, gesteigert, Grundstück, schauen, Generalsekretär, Ost, Turnier, Minus, seinerzeit, Tschetschenien, halbes, Kilometern"
Today I saw it at least once.,"old, representing, throne, interested, administrative, copy, Elizabeth, closer",MYMEMORY WARNING: YOU USED ALL AVAILABLE FREE TRANSLATIONS FOR TODAY. NEXT AVAILABLE IN  18 HOURS 44 MINUTES 23 SECONDS VISIT HTTPS://MYMEMORY.TRANSLATED.NET/DOC/USAGELIMITS.PHP TO TRANSLATE MORE,"Profis, halbes, Sarajewo, Fritz, i, wissenschaftliche, Aufschwung, Schätzungen, Wilhelm, leichte, schauen, Vertretern, absolute, erinnerte, Turnier, Tier, Zentrale, Generalsekretär, Handeln, Kiel, Nazis, Merkmale, seinerzeit, Religion, Technologie, aufgestellt, letzter, Instituts, verbinden"
Today I saw him in action.,"varying, agree, in, painted, average, visitors, interaction, forming, the",MYMEMORY WARNING: YOU USED ALL AVAILABLE FREE TRANSLATIONS FOR TODAY. NEXT AVAILABLE IN  18 HOURS 44 MINUTES 23 SECONDS VISIT HTTPS://MYMEMORY.TRANSLATED.NET/DOC/USAGELIMITS.PHP TO TRANSLATE MORE,"Schätzungen, Ost, Herrschaft, Fritz, wissenschaftliche, Technologie, absolute, Kurt, Profis, österreichischen, erinnerte, Turnier, Wilhelm, Generalsekretär, Aufschwung, letzter, Merkmale, verbinden, halbes, i, Tier, Tschetschenien, gesteigert, Beifall, engen"
"When I grow up, I want to be a writer.","nd, campus, atomic, consisting, random, selling, detail, proposal, the, missions, magnitude, producer",MYMEMORY WARNING: YOU USED ALL AVAILABLE FREE TRANSLATIONS FOR TODAY. NEXT AVAILABLE IN  18 HOURS 44 MINUTES 23 SECONDS VISIT HTTPS://MYMEMORY.TRANSLATED.NET/DOC/USAGELIMITS.PHP TO TRANSLATE MORE,"schauen, Merkmale, erinnerte, Generalsekretär, seinerzeit, wissenschaftliche, Wilhelm, Grundstück, i, Schätzungen, Handeln, Zentrale, Tier, Nazis, Herrschaft, verbinden, Sarajewo, Tschetschenien, leichte, österreichischen, Profis, Aufschwung, Instituts, Ost, Paar"
Today I saw this coming and was really impressed.,"random, partially, wrong, of, consisting, waters, piano, selling, doctrine, sport, slave, master",MYMEMORY WARNING: YOU USED ALL AVAILABLE FREE TRANSLATIONS FOR TODAY. NEXT AVAILABLE IN  18 HOURS 44 MINUTES 22 SECONDS VISIT HTTPS://MYMEMORY.TRANSLATED.NET/DOC/USAGELIMITS.PHP TO TRANSLATE MORE,"engen, Profis, Herrschaft, absolute, Paar, Generalsekretär, i, Kiel, Merkmale, Schätzungen, verbinden, Nazis, Zentrale, Wilhelm, Religion, halbes, Tier, schauen, Handeln, österreichischen, Ost, Turnier, Grundstück, Minus"
"My best friend is in college, so we've met up there.","devices, contrast, rock, notes, tried, represented, develop, car, era, the, nuclear, finally, quite, determined",MYMEMORY WARNING: YOU USED ALL AVAILABLE FREE TRANSLATIONS FOR TODAY. NEXT AVAILABLE IN  18 HOURS 44 MINUTES 22 SECONDS VISIT HTTPS://MYMEMORY.TRANSLATED.NET/DOC/USAGELIMITS.PHP TO TRANSLATE MORE,"Instituts, Generalsekretär, Schätzungen, schauen, engen, Turnier, Aufschwung, Minus, seinerzeit, i, Paar, letzter, aufgestellt, Handeln, Kurt, wissenschaftliche, verbinden, Technologie, Vertretern, Herrschaft, Zentrale, leichte, gesteigert"
My favorite food is probably the pâté.,"wrong, producer, proposal, continuing, suffering, partially, detail, destruction, missions",MYMEMORY WARNING: YOU USED ALL AVAILABLE FREE TRANSLATIONS FOR TODAY. NEXT AVAILABLE IN  18 HOURS 44 MINUTES 22 SECONDS VISIT HTTPS://MYMEMORY.TRANSLATED.NET/DOC/USAGELIMITS.PHP TO TRANSLATE MORE,"wissenschaftliche, Kilometern, Nazis, Tier, leichte, Generalsekretär, Zentrale, engen, Tschetschenien, Aufschwung, Fritz, halbes, Profis, Herrschaft, Technologie, Religion, Handeln, Kiel, erinnerte, Beifall, Ost, schauen, Sarajewo, aufgestellt, Grundstück"
"I feel happy when I'm in the mood, but it's my first time here, so I.","salt, manufactured, actor, poems, to, delivery, alive, publishing, way, crowd, graphics, go, agencies, which, considerably, explicitly, consequences, scored, comedy, complicated, marry, artificial",MYMEMORY WARNING: YOU USED ALL AVAILABLE FREE TRANSLATIONS FOR TODAY. NEXT AVAILABLE IN  18 HOURS 44 MINUTES 22 SECONDS VISIT HTTPS://MYMEMORY.TRANSLATED.NET/DOC/USAGELIMITS.PHP TO TRANSLATE MORE,"Ost, Turnier, Grundstück, Instituts, Kiel, österreichischen, Technologie, Tier, Schätzungen, absolute, Sarajewo, wissenschaftliche, Fritz, erinnerte, verbinden, Beifall, seinerzeit, Tschetschenien, halbes, i, Kilometern, leichte, engen, Merkmale, Paar, gesteigert"
My best friend is a doctor.,"Christians, the, industries, law, interaction, be, herself, lasted, percentage",MYMEMORY WARNING: YOU USED ALL AVAILABLE FREE TRANSLATIONS FOR TODAY. NEXT AVAILABLE IN  18 HOURS 44 MINUTES 22 SECONDS VISIT HTTPS://MYMEMORY.TRANSLATED.NET/DOC/USAGELIMITS.PHP TO TRANSLATE MORE,"gesteigert, Nazis, wissenschaftliche, Kilometern, Kurt, Aufschwung, Herrschaft, Sarajewo, erinnerte, Turnier, aufgestellt, Ost, Vertretern, Zentrale, seinerzeit, Tschetschenien, engen, Paar, Kiel, Wilhelm, verbinden, Profis, i, halbes"
"My favorite food is the red-hot, crunchy and spicy chili.","years, keeping, lay, so-called, conduct, mouth, ago, chapter, statements, mixture, passage, Bowl",MYMEMORY WARNING: YOU USED ALL AVAILABLE FREE TRANSLATIONS FOR TODAY. NEXT AVAILABLE IN  18 HOURS 44 MINUTES 22 SECONDS VISIT HTTPS://MYMEMORY.TRANSLATED.NET/DOC/USAGELIMITS.PHP TO TRANSLATE MORE,"Profis, Handeln, i, Herrschaft, Nazis, schauen, Kurt, Fritz, Kiel, Wilhelm, Zentrale, Schätzungen, letzter, Turnier, Instituts, leichte, österreichischen, Beifall, seinerzeit, engen, halbes, Vertretern, Ost, Religion, Paar, erinnerte, Merkmale"
"My best friend is here, and you need to keep her safe.","artists, otherwise, visible, showing, stone, gained, J., regional, begin, ran, leaves, generation, urban, launched, native",MYMEMORY WARNING: YOU USED ALL AVAILABLE FREE TRANSLATIONS FOR TODAY. NEXT AVAILABLE IN  18 HOURS 44 MINUTES 21 SECONDS VISIT HTTPS://MYMEMORY.TRANSLATED.NET/DOC/USAGELIMITS.PHP TO TRANSLATE MORE,"Fritz, Herrschaft, verbinden, Profis, engen, i, österreichischen, Turnier, Kilometern, Kiel, schauen, leichte, Beifall, halbes, Tier, Kurt, Handeln, Instituts, Schätzungen, Zentrale, Ost, gesteigert, aufgestellt, Paar"
A dog has a long history of causing death for people and dogs.,"applying, clouds, Houston, South, merchants, at, promise, to, speaker, nose, flew, nervous, neighboring, exploration, mentions, indirect, apply",MYMEMORY WARNING: YOU USED ALL AVAILABLE FREE TRANSLATIONS FOR TODAY. NEXT AVAILABLE IN  18 HOURS 44 MINUTES 21 SECONDS VISIT HTTPS://MYMEMORY.TRANSLATED.NET/DOC/USAGELIMITS.PHP TO TRANSLATE MORE,"erinnerte, Generalsekretär, Schätzungen, seinerzeit, wissenschaftliche, Aufschwung, letzter, Fritz, Sarajewo, Technologie, engen, Vertretern, Instituts, Paar, österreichischen, leichte, gesteigert, absolute, Ost, schauen, Wilhelm, halbes, Turnier, Tier, Zentrale"
"When I grow up, I want to be an actor.","waters, proposal, the, of, random, soul, master, piano, campus, continuing, rose, nd, atomic",MYMEMORY WARNING: YOU USED ALL AVAILABLE FREE TRANSLATIONS FOR TODAY. NEXT AVAILABLE IN  18 HOURS 44 MINUTES 21 SECONDS VISIT HTTPS://MYMEMORY.TRANSLATED.NET/DOC/USAGELIMITS.PHP TO TRANSLATE MORE,"Grundstück, Technologie, Tschetschenien, Kiel, erinnerte, wissenschaftliche, Paar, Profis, schauen, Tier, gesteigert, Fritz, verbinden, Nazis, Zentrale, Vertretern, halbes, Aufschwung, Kurt, aufgestellt, letzter, Beifall"
Today I saw this movie and I was like 'Wow.,"gender, extension, minister, perceived, interaction, indicates, sons, Union, be, beliefs, bill, appeal, hope, candidate",MYMEMORY WARNING: YOU USED ALL AVAILABLE FREE TRANSLATIONS FOR TODAY. NEXT AVAILABLE IN  18 HOURS 44 MINUTES 21 SECONDS VISIT HTTPS://MYMEMORY.TRANSLATED.NET/DOC/USAGELIMITS.PHP TO TRANSLATE MORE,"Religion, Fritz, schauen, Aufschwung, Kilometern, Handeln, Wilhelm, Minus, Herrschaft, österreichischen, Paar, Kiel, engen, Sarajewo, Kurt, Beifall, gesteigert, Turnier, aufgestellt, erinnerte, Instituts, leichte, Profis, Zentrale, seinerzeit, Technologie, Merkmale, Tier"
"When I grow up, I want to be good.","broad, meat, in, agriculture, duties, Wilson, representing, seemed, an, to, attached, didn't, interested",MYMEMORY WARNING: YOU USED ALL AVAILABLE FREE TRANSLATIONS FOR TODAY. NEXT AVAILABLE IN  18 HOURS 44 MINUTES 21 SECONDS VISIT HTTPS://MYMEMORY.TRANSLATED.NET/DOC/USAGELIMITS.PHP TO TRANSLATE MORE,"Kiel, gesteigert, Grundstück, österreichischen, Herrschaft, wissenschaftliche, seinerzeit, verbinden, Wilhelm, Merkmale, Turnier, Tschetschenien, aufgestellt, Paar, Tier, Schätzungen, Beifall, Zentrale, engen, Aufschwung"
"My favorite food is always the sweet, sour and nutty.","living, the, in, at, greatest, reflected, offering, poem, arm, same, switch",MYMEMORY WARNING: YOU USED ALL AVAILABLE FREE TRANSLATIONS FOR TODAY. NEXT AVAILABLE IN  18 HOURS 44 MINUTES 21 SECONDS VISIT HTTPS://MYMEMORY.TRANSLATED.NET/DOC/USAGELIMITS.PHP TO TRANSLATE MORE,"letzter, Technologie, Religion, Schätzungen, Profis, Merkmale, Turnier, schauen, Grundstück, Kiel, absolute, Instituts, Herrschaft, Fritz, Aufschwung, Paar, österreichischen, Zentrale, Sarajewo, seinerzeit, Beifall, wissenschaftliche, Ost"
"A dog has a good head, but I'd rather not.","advised, dubbed, cluster, effectiveness, to, set, descendants, verbs, also, See, switching, Finnish, derivative",MYMEMORY WARNING: YOU USED ALL AVAILABLE FREE TRANSLATIONS FOR TODAY. NEXT AVAILABLE IN  18 HOURS 44 MINUTES 20 SECONDS VISIT HTTPS://MYMEMORY.TRANSLATED.NET/DOC/USAGELIMITS.PHP TO TRANSLATE MORE,"aufgestellt, absolute, österreichischen, Minus, Wilhelm, Kiel, Aufschwung, halbes, Fritz, Technologie, Profis, gesteigert, Tschetschenien, Herrschaft, Beifall, Tier, i, seinerzeit, Religion, Kilometern, Merkmale, Kurt"
I feel happy when I get home.,"stones, negotiations, Philadelphia, Pakistan, diseases, lyrics, automatically, accident, abroad",MYMEMORY WARNING: YOU USED ALL AVAILABLE FREE TRANSLATIONS FOR TODAY. NEXT AVAILABLE IN  18 HOURS 44 MINUTES 20 SECONDS VISIT HTTPS://MYMEMORY.TRANSLATED.NET/DOC/USAGELIMITS.PHP TO TRANSLATE MORE,"Profis, Kurt, engen, i, letzter, seinerzeit, Wilhelm, Fritz, Tschetschenien, Instituts, erinnerte, schauen, Turnier, Religion, verbinden, leichte, Zentrale, absolute, Nazis, Paar, aufgestellt, halbes, Technologie"
I feel happy when a lot of things are happening.,"Kelly, Alan, promoting, render, regions, soil, risks, ride, divide, legislative, switched, memorial",MYMEMORY WARNING: YOU USED ALL AVAILABLE FREE TRANSLATIONS FOR TODAY. NEXT AVAILABLE IN  18 HOURS 44 MINUTES 20 SECONDS VISIT HTTPS://MYMEMORY.TRANSLATED.NET/DOC/USAGELIMITS.PHP TO TRANSLATE MORE,"Wilhelm, Kiel, halbes, Paar, Vertretern, seinerzeit, Technologie, Generalsekretär, schauen, Grundstück, gesteigert, Religion, Ost, Kurt, Handeln, leichte, i, Tier, Instituts, Schätzungen, Profis, verbinden, Fritz, absolute, erinnerte"
I feel happy when people are doing better than I did.,"Francisco, painted, law, reference, or, flying, evil, reactions, prove, accused, varying, blocks, appeal, notably",MYMEMORY WARNING: YOU USED ALL AVAILABLE FREE TRANSLATIONS FOR TODAY. NEXT AVAILABLE IN  18 HOURS 44 MINUTES 20 SECONDS VISIT HTTPS://MYMEMORY.TRANSLATED.NET/DOC/USAGELIMITS.PHP TO TRANSLATE MORE,"österreichischen, Minus, Nazis, Profis, aufgestellt, Technologie, verbinden, letzter, absolute, schauen, Kiel, Kilometern, Herrschaft, Paar, Fritz, Aufschwung, Kurt, Wilhelm, Handeln, erinnerte, gesteigert"
A dog has been named after the man who saved it from drowning.,"pleasure, continent, eleven, commented, accordance, absent, collaboration, targeted, comments, uniforms, planes, totally, festivals, restoration, relating, servers",MYMEMORY WARNING: YOU USED ALL AVAILABLE FREE TRANSLATIONS FOR TODAY. NEXT AVAILABLE IN  18 HOURS 44 MINUTES 20 SECONDS VISIT HTTPS://MYMEMORY.TRANSLATED.NET/DOC/USAGELIMITS.PHP TO TRANSLATE MORE,"Generalsekretär, Vertretern, i, Wilhelm, Handeln, Turnier, verbinden, Nazis, Grundstück, Kilometern, Technologie, Zentrale, Instituts, Profis, Schätzungen, Ost, Aufschwung, halbes, absolute, Religion, erinnerte, österreichischen, Kurt, leichte"
Today I saw that they were not the best players I've ever seen.,"age, hosted, crystal, spacecraft, Arthur, decay, Egyptian, editions, defend, Frederick, of, this, advice",MYMEMORY WARNING: YOU USED ALL AVAILABLE FREE TRANSLATIONS FOR TODAY. NEXT AVAILABLE IN  18 HOURS 44 MINUTES 20 SECONDS VISIT HTTPS://MYMEMORY.TRANSLATED.NET/DOC/USAGELIMITS.PHP TO TRANSLATE MORE,"Herrschaft, Schätzungen, Aufschwung, österreichischen, Vertretern, Tschetschenien, gesteigert, seinerzeit, aufgestellt, Turnier, Profis, Kiel, Sarajewo, Handeln, Religion, i, Zentrale, verbinden, schauen, Fritz, Merkmale, Beifall, wissenschaftliche, absolute, Technologie, Ost"
