"Despite his initial reservations, he eventually relented and joined the expedition.","features, method, my, order, moved, evidence, students, students, trade, caused, in, eventually, art, art, moved, remained",Přes jeho počáteční výhrady se nakonec ustoupil a připojil se k expedici.,"po, aby, tebe, chci, kde, prosím, možná, jestli, tím, myslím, moje, nám, chci, nevím, jeho, moje, prosím, máš"
The profound impact of globalization is evident in the interconnectedness of world economies.,"power, around, found, power, since, still, power, most, set, usually, found, state, set, since, using, using, against, life, state, since",Hluboký dopad globalizace je patrný v propojenosti světových ekonomik.,"jsem, jste, že, si, jsi, samotného, ho, samotného, jsem, za, já, do, do, start"
The novel's intricate plot weaves together multiple storylines to create a compelling narrative.,"radio, saw, code, all, includes, son, king, Spanish, involved, project, widely, shown, title, changed, earlier, mass, of, includes, project, construction","Složený spiknutí románu spojuje více dějů, aby vytvořil přesvědčivý příběh.","zvláštní, neboj, mojí, proboha, prachy, velké, dobu, bejt, potřebovat, jídlo, potřebovat, nové, dobu, prachy, doby"
Her eloquent speech captivated the audience and left a lasting impression.,"to, s, film, less, based, among, film, must, major, point, major, most, death, said, group, less",Její výmluvná řeč zaujala publikum a zanechala trvalý dojem.,"přines, pamatuj, neviděli, jedinou, posaď, sleduj, špatného, mm, mm, hudbu, špatného, kniha, snažit, vezme"
The research paper presents a comprehensive analysis of emerging trends in renewable energy.,"troops, running, Jewish, materials, novel, occurs, degree, removed, activities, probably, activities, completely, occurs, novel, operating, except, the, degree, Rome, Jewish",Výzkumná práce představuje komplexní analýzu nově vznikajících trendů v obnovitelné energii.,"sexy, zpráva, nebudou, jedním, názor, poslouchat, nová, museli, umíš, dříve, bratra, získat, jedním, skončí, zabije, překlad"
It is imperative to foster a culture of inclusivity and diversity in the workplace.,"reflective, postwar, it, from, recipes, which, proverbs, proverbs, realization, of, is, public, that, on, from, recipes, were, public, England, for, were",Je nezbytné podporovat kulturu inkluzivity a rozmanitosti na pracovišti.,"ne, mě, dokonale, shane, start, jsem, ho, mi, pozdrav, mi, malých, si, samotného, tu"
The artist's avant-garde approach challenges conventional notions of artistry.,"equally, long-term, centers, twenty, procedures, investigation, the, fought, supporters, binary, emperor, exercise, shorter, San",Avantgardní přístup umělce zpochybňuje konvenční představy o umění.,"tisíce, rodině, test, utéct, rozumíte, životy, zmizel, tihle, nos, tisíce, čest, hrál"
The ambassador's diplomatic efforts were instrumental in de-escalating the international conflict.,"world, instance, represented, the, devices, application, output, win, represented, in, car, population, notes, nuclear, era, moving",Diplomatické úsilí velvyslance bylo nápomocné při de-eskalaci mezinárodního konfliktu.,"takhle, nemám, kam, děje, udělal, takhle, pravdu, udělal, podívej, jdeme, vědět, věci, velmi, tvoje"
The CEO's visionary leadership propelled the company to unprecedented success.,"students, problem, movement, conditions, caused, influence, lead, movement, brought, put, movement, results, results, action, referred",Vizionářské vedení generálního ředitele přimělo společnost k bezprecedentnímu úspěchu.,"předpokládám, vezměte, mámu, poznat, četl, Kate, filmu, rozumíte, setkání, test, akorát, mil, znal, čaj"
The professor's erudite lectures inspired a new generation of scholars.,"reports, worldwide, practical, orders, World, want, maintained, details, details, storage, reports, field, subsequent, magazine, reports",Erudované přednášky profesora inspirovaly novou generaci vědců.,"opatrně, hlad, zapomeň, nechcete, hlad, jdou, světlo, nedá, seznam, jdou"
The judicial system must ensure equitable access to justice for all citizens.,"killed, saw, shown, shows, of, against, shows, done, killed, additional, earlier, shows, against, widely, changed, shown, title, additional",Soudní systém musí zajistit spravedlivý přístup ke spravedlnosti pro všechny občany.,"kdybyste, světlo, bohužel, nerozumím, pokračovat, existuje, jedné, jack, existuje, hajzlu, každého, hovno, roce, seznam, nevidím, perfektní"
The orchestra's rendition of the symphony was nothing short of sublime.,"he, of, public, of, to, from, public, to, from, for, realization, with, he, an, on, tender",Ztrácení orchestru symfonie nebylo nic jiného než vznešeného.,"řekla, dobré, promiň, svou, řekla, řekla, nejlepší, stejně, dál, cože, kolik, vlastně"
The technological advancements in artificial intelligence are reshaping various industries.,"proof, returning, send, charges, bits, files, Arab, line, send, committed, Arab, else, York, charges, City",Technologický pokrok v umělé inteligenci přebírá různá průmyslová odvětví.,"postarám, stranu, připravit, mrtvej, posteli, zajímavé, mrtvej, klubu, zastavte, bezva, plný, nezajímá, opět, postarám"
The architect's innovative design seamlessly integrates form and function.,"especially, together, might, forces, especially, certain, April, third, short, European, numbers, parts, man, rather",Inovativní design architekta hladce integruje formu a funkci.,"jazyk, věří, vyšetřování, přístup, přístup, vítězství, jejího, poté, pošlete, najdi, Tommy, bojíš"
The documentary offers a nuanced perspective on contemporary social issues.,"contemporary, operate, Mary, stone, symbol, carbon, news, soil, carbon, involved, broadcast, message, Mary, nine, be",Dokument nabízí nuanční pohled na současné sociální otázky.,"ovšem, chybí, moci, zlatíčko, oddělení, dalších, boha, otázku, nechala, moci, společnosti, doktora"
His acerbic wit often caught others off guard during debates.,"others, held, off, show, field, available, York, military, general, York, military, though, production, off, light",Jeho acerbický vtip často během debat často chytil ostatní.,"naživu, alespoň, ticho, mrzí, někým, alespoň, jménem, tamhle, říkáte, týdny, ticho, otázka, manžel, uklidni"
The entrepreneur's audacious venture disrupted the market and garnered widespread attention.,"for, used, to, initially, paid, sides, useful, tend, measure, public, attention, responsible, initially, alternative, literature, meet",Podnikatelův odvážný podnik narušil trh a získal rozsáhlou pozornost.,"poldové, furt, ostatních, tos, penny, připrav, nenávidí, přáteli, přepínám, nenávidí, kolena, talent, připomíná, připomíná"
The novel's protagonist undergoes a transformative journey of self-discovery.,"functional, difficulties, Jerusalem, dated, manufacturers, replacement, dated, ranging, aimed, factory, justice, dated, justice, for",Protagonista románu prochází transformační cestou sebepoznání.,"klíče, téměř, soudu, poznal, nebudete, oblečení, zvládnu, pozornost, řadě"
The philanthropist's altruistic endeavors have had a profound impact on the community.,"as, they, an, other, on, had, other, the, more, first, more, as, an, he, for, with, an, he",Altruistické úsilí filantropa mělo hluboký dopad na komunitu.,"musíte, líto, běž, nemůžeš, oni, kdybych, nemůžeš, dneska, přes, auto, kterou, jednu"
The epidemiologist's findings shed light on the complex nature of infectious diseases.,"for, television, beginning, subject, already, interest, rights, community, killed, greater, complete, subject, our, beginning, players, town, greater, living",Zjištění epidemiologa vrhla světlo na komplexní povahu infekčních chorob.,"pěkně, ně, malý, ženy, pěkně, skvělé, mrtvý, dr, nahoru, ach, jistý, cestu, ně, konečně"
