"Despite his initial reservations, he eventually relented and joined the expedition.","success, religious, caused, give, movement, influence, Germany, results, attack, problem, whether, students, results, art, enough, evidence",Přes jeho počáteční výhrady se nakonec ustoupil a připojil se k expedici.,"možná, tom, po, možná, protože, ani, od, nevím, myslím, bylo, ani, vím, možná, nás, měl, všechno, vím, nás"
The profound impact of globalization is evident in the interconnectedness of world economies.,"common, area, like, within, however, area, now, like, like, now, what, still, without, using, began, around, world, still, since, the",Hluboký dopad globalizace je patrný v propojenosti světových ekonomik.,"do, si, co, malých, start, mě, jste, start, czech, ne, tak, tak, jsem, prd"
The novel's intricate plot weaves together multiple storylines to create a compelling narrative.,"today, variety, foreign, policy, construction, today, personal, king, king, today, involved, all, recorded, books, shows, soon, policy, remains, saw, personal","Složený spiknutí románu spojuje více dějů, aby vytvořil přesvědčivý příběh.","nové, říkat, nemáte, znáš, mojí, domu, půl, tělo, jděte, mnoho, nemáte, jacku, prachy, odtud, mnoho"
Her eloquent speech captivated the audience and left a lasting impression.,"United, four, few, another, point, support, based, country, film, another, another, country, support, said, order, due",Její výmluvná řeč zaujala publikum a zanechala trvalý dojem.,"hádat, správný, pistoli, legraci, posaď, vezmeš, pistoli, přines, přines, legraci, najdeš, prvním, bomba, dna"
The research paper presents a comprehensive analysis of emerging trends in renewable energy.,"ways, less, operating, inside, less, stories, Charles, novel, Charles, the, inside, ways, degree, basic, except, removed, materials, case, operating, Charles",Výzkumná práce představuje komplexní analýzu nově vznikajících trendů v obnovitelné energii.,"sexy, úkol, zabije, poslyš, zavolejte, vašich, zničit, nová, pravidla, úkol, museli, znamenat, jedním, museli, přijdu, postele"
It is imperative to foster a culture of inclusivity and diversity in the workplace.,"the, realization, proverbs, the, or, Hercules, an, or, reflective, Bristol, were, populace, tender, Hercules, not, with, by, public, as, as, Church",Je nezbytné podporovat kulturu inkluzivity a rozmanitosti na pracovišti.,"jacksone, některý, už, mě, tak, mě, ale, mi, tak, některý, co, tu, stupně, je"
The artist's avant-garde approach challenges conventional notions of artistry.,"distinguish, Swedish, disc, equally, revolution, tissue, Francisco, binary, Swedish, therapy, distinguish, exercise, Swedish, wearing",Avantgardní přístup umělce zpochybňuje konvenční představy o umění.,"poznat, miloval, zmizel, životy, číst, pěti, rodině, vraždy, filmu, test, pusu, vesmíru"
The ambassador's diplomatic efforts were instrumental in de-escalating the international conflict.,"world, output, distribution, in, quite, share, represented, car, the, Italian, determined, represented, car, share, world, application",Diplomatické úsilí velvyslance bylo nápomocné při de-eskalaci mezinárodního konfliktu.,"můžeš, vědět, hodně, nejsem, lidi, nechci, hodně, dobrá, věci, hned, pravdu, můžeš, tvoje, velmi"
The CEO's visionary leadership propelled the company to unprecedented success.,"believed, trade, art, eventually, conditions, action, features, young, success, performance, students, believed, conditions, brought, attack",Vizionářské vedení generálního ředitele přimělo společnost k bezprecedentnímu úspěchu.,"každá, odešla, tisíce, nebyli, směrem, pěti, číst, Kate, tisíce, test, pusu, čaj, poznat, mámu"
The professor's erudite lectures inspired a new generation of scholars.,"want, field, subsequent, want, World, want, dark, the, by, orders, bridge, bridge, climate, practical, idea",Erudované přednášky profesora inspirovaly novou generaci vědců.,"samé, hovno, půjdeš, tímhle, chápeš, jedné, seznam, platí, roce, znova"
The judicial system must ensure equitable access to justice for all citizens.,"the, mostly, project, court, killed, mostly, done, all, killed, additional, levels, office, books, mostly, the, earlier, future, fire",Soudní systém musí zajistit spravedlivý přístup ke spravedlnosti pro všechny občany.,"hlad, vole, novou, holku, nového, vole, com, komu, zapomeň, hovno, král, druhou, nerozumím, zkusit, cz, jdou"
The orchestra's rendition of the symphony was nothing short of sublime.,"his, from, reflective, by, was, of, were, to, which, that, are, were, in, Goldman, realization, reflective",Ztrácení orchestru symfonie nebylo nic jiného než vznešeného.,"rychle, někdy, určitě, promiňte, rychle, mluvit, peníze, snad, promiňte, někdy, nejlepší, určitě"
The technological advancements in artificial intelligence are reshaping various industries.,"serves, decline, interpretation, taxes, implementation, City, returning, City, proof, absolute, secure, sugar, Arab, morning, York",Technologický pokrok v umělé inteligenci přebírá různá průmyslová odvětví.,"lásko, nemohli, věku, vyhrát, chování, jejím, zvíře, vlak, vším, povím, nemohli, vyhrát, spí, tímto"
The architect's innovative design seamlessly integrates form and function.,"might, played, cases, terms, third, forces, together, parts, established, together, always, to, certain, established",Inovativní design architekta hladce integruje formu a funkci.,"nezajímá, henry, přichází, pusťte, sledovat, začátku, klubu, ženská, nezajímá, kus, kterém, jedem"
The documentary offers a nuanced perspective on contemporary social issues.,"ran, to, message, as, as, contemporary, the, in, influenced, the, showing, message, nine, close, operate",Dokument nabízí nuanční pohled na současné sociální otázky.,"zemřít, zemřít, stal, ja, franku, doktora, drahá, nechala, umí, došlo, franku, těchto"
His acerbic wit often caught others off guard during debates.,"you, popular, light, U.S., above, York, field, above, general, held, late, came, rather, rather, late",Jeho acerbický vtip často během debat často chytil ostatní.,"nejspíš, otázka, často, osm, šaty, nejspíš, tamhle, držet, pomalu, často, nejspíš, policii, mrzí, nechám"
The entrepreneur's audacious venture disrupted the market and garnered widespread attention.,"useful, tend, attention, in, useful, crew, origin, winter, meet, paid, fixed, attention, Thomas, that, alone, measure",Podnikatelův odvážný podnik narušil trh a získal rozsáhlou pozornost.,"talent, kelly, přáteli, vysoké, stůjte, bar, jeďte, kelly, pal, přidat, přepínám, stůjte, restaurace, vést"
The novel's protagonist undergoes a transformative journey of self-discovery.,"one, Jerusalem, observations, concerning, difficulties, logo, independently, fly, plastic, difficulties, functional, logo, except, for",Protagonista románu prochází transformační cestou sebepoznání.,"dokážeš, slyšeli, sranda, cestou, vina, těžký, týmu, minulý, zavři"
The philanthropist's altruistic endeavors have had a profound impact on the community.,"all, on, but, their, the, by, their, for, on, its, were, his, for, this, has, than, was, as",Altruistické úsilí filantropa mělo hluboký dopad na komunitu.,"jaký, byly, věděl, mého, zrovna, pět, ví, řeknu, líto, jedno, oni, jaký"
The epidemiologist's findings shed light on the complex nature of infectious diseases.,"living, industry, levels, for, to, greater, against, in, move, players, community, south, south, our, order, against, players, complete",Zjištění epidemiologa vrhla světlo na komplexní povahu infekčních chorob.,"zůstat, moji, jdeš, dr, kluk, nechal, doktore, daleko, rok, přítel, muži, rok, přítel, holka"
