"Despite his initial reservations, he eventually relented and joined the expedition.","capable, changing, modified, train, labor, principles, earliest, weather, understand, leads, movements, secret, each, movements, director, for","Malgré ses réserves initiales, il finit par céder et rejoint l'expédition.","coincer, pur, rapporter, coincer, enfermer, réunion, sacré, o, acte, repartir, refaire, enquête, gêner, o, convaincre, enfermer"
The profound impact of globalization is evident in the interconnectedness of world economies.,"alongside, beings, as, terminal, women's, women's, quoted, st, much, tends, coastal, high, school, as, dollars, penalty, quoted, commissioned, Greece, faces",L'impact profond de la mondialisation est évident dans l'interconnexion des économies mondiales.,"fier, banque, bosser, but, vent, fatiguer, haut, dossier, oiseau, fuir, ferme, ferme, entier, fier, recherche, tenter, défendre, celui-là"
The novel's intricate plot weaves together multiple storylines to create a compelling narrative.,"annually, extend, virtually, peoples, make, Boston, express, wing, hole, territories, governor, Netherlands, governor, buried, maintenance, Lincoln, requiring, lifetime, maintenance, quantities",L'intrigue complexe du roman tisse plusieurs scénarios pour créer un récit convaincant.,"bagarre, frigo, profondément, objectif, cingler, franchir, contrer, frigo, populaire, mouiller, illusion, nègre, illusion, communiquer, communiquer, entretien, tunnel, fréquenter"
Her eloquent speech captivated the audience and left a lasting impression.,"recommended, indicates, Christians, trained, trained, law, essentially, brown, painted, industries, be, hope, industries, minister, indicates, desired",Son discours éloquent a captivé le public et laissé une impression durable.,"bain, stupide, soin, dent, acteur, nez, mademoiselle, riche, lancer, riche, durer, adresse, dent, beauté, course, hors, nez, cousin"
The research paper presents a comprehensive analysis of emerging trends in renewable energy.,"editions, for, difficulties, i.e, expand, scheduled, binding, expand, hosted, Frederick, Vietnam, crystal, Arthur, motor, factory, plastic, judge, another, another, aimed",Le document de recherche présente une analyse complète des tendances émergentes dans le domaine des énergies renouvelables.,"formidable, assassin, sourire, annoncer, foi, briser, sourire, d, mien, chapeau, arracher, voisin, environ, membre, chasser, annoncer, allumer, zone, voie, enchanté, mille, détail, voie, haïr, détail, sourire"
It is imperative to foster a culture of inclusivity and diversity in the workplace.,"linked, opera, progress, come, and, crisis, linked, to, to, writer, Martin, obtain, logic, criticism, moves, someone, and, colors, everything, criticism, assumed",Il est impératif de favoriser une culture d'inclusion et de diversité sur le lieu de travail.,"huit, marre, acte, éteindre, caméra, goût, gêner, éteindre, malheur, parfait, pont, o, dingue, livrer, pensée, dingue, livrer, livrer, bouteille, champ, île, sacré, acte, dingue"
The artist's avant-garde approach challenges conventional notions of artistry.,"federal, weeks, used, modules, board, relation, exhibits, compiler, cheaper, gear, commanded, permits, modest, relation",L'approche avant-gardiste de l'artiste remet en question les notions conventionnelles de l'art.,"deux, connaître, demander, mes, chez, merci, notre, femme, autre, chez, maintenant, seul, merci, femme, mourir, quelque, peu, seul"
The ambassador's diplomatic efforts were instrumental in de-escalating the international conflict.,"gene, decay, sees, of, on, formally, thick, of, everyone, varieties, villages, arguments, breaking, draft, spacecraft, strict",Les efforts diplomatiques de l'ambassadeur ont joué un rôle déterminant dans la désescalade du conflit international.,"changement, effrayer, série, promener, pression, informer, fer, venger, impliquer, lundi, ordonner, faveur, pression, fer, pilote, millier, impliquer, maudit, terme, esclave, esclave, fêter, millier, série"
The CEO's visionary leadership propelled the company to unprecedented success.,"bet, resource, cult, deliver, beauty, proven, Ab, Ab, night, economics, connecting, transported, plain, readily, bet",Le leadership visionnaire du PDG a propulsé l'entreprise vers un succès sans précédent.,"compris, virer, conseil, magnifique, vin, surveiller, bas, billet, créer, surveiller, obtenir, sympa, pote, compris, doigt, grâce, mission, souhaiter, surprise, grâce"
The professor's erudite lectures inspired a new generation of scholars.,"two, it, ages, membrane, castle, Vienna, assigned, castle, two, favour, heating, firing, certainly, creative, certainly",Les conférences érudites du professeur ont inspiré une nouvelle génération de chercheurs.,"destin, appareil, coller, réalité, prêtre, sexe, celle-là, vert, presser, urgence, accorder, destin, accrocher, marche, exploser, appareil, déjeuner, placer"
The judicial system must ensure equitable access to justice for all citizens.,"session, annually, session, DVD, quantity, wing, regime, account, dating, voted, USA, Netherlands, extend, dating, governor, voted, peoples, surfaces",Le système judiciaire doit assurer un accès équitable à la justice pour tous les citoyens.,"totalement, délicieux, moche, qualité, crâne, lendemain, foyer, rassurer, crâne, masque, qualité, couloir, courageux, totalement, contenter, lendemain, contenter, délicieux, jeunesse, jeunesse, foyer, rassurer"
The orchestra's rendition of the symphony was nothing short of sublime.,"aspect, aspect, revenue, deaths, worth, plate, of, driven, Sweden, the, Super, lay, league, effect, years, of",L'interprétation de la symphonie par l'orchestre n'était rien de moins que sublime.,"médical, mode, soif, soif, bel, saison, sombre, accueillir, accueillir, médical, médical, b, sucre, cimetière, port, date, mode, conseiller"
The technological advancements in artificial intelligence are reshaping various industries.,"personally, corruption, personally, rescue, flowers, sell, Nazi, be, corruption, quick, respond, taste, in, personally, chemistry",Les avancées technologiques en intelligence artificielle sont en train de remodeler diverses industries.,"ventre, rapide, commettre, passe, trahir, hasard, hasard, rapide, enceinte, sol, examen, passe, lui-même, louer, cadavre, in, examen, in, débrouiller, ranger"
The architect's innovative design seamlessly integrates form and function.,"license, license, equations, bomb, draft, intellectual, bomb, breaking, bomb, colonies, bacteria, teacher, districts, edited",La conception innovante de l'architecte intègre parfaitement la forme et la fonction.,"to, miracle, coincer, briser, faîte, malheur, malheur, bouteille, bouteille, haïr, annoncer, détail, to, éteindre, assassin, mille, différence, environ"
The documentary offers a nuanced perspective on contemporary social issues.,"potentially, flights, influences, cooperation, missiles, flights, attempting, entertainment, rice, the, Greece, cooperation, women's, ask, client",Le documentaire offre une perspective nuancée sur les enjeux sociaux contemporains.,"bord, appartenir, sympa, lieutenant, poste, image, liberté, retirer, selon, surprise, compris, anniversaire, bord, rater, billet, fier"
His acerbic wit often caught others off guard during debates.,"as, to, sixth, statistics, singles, next, sixth, sort, arrest, ministers, drama, as, circuits, Caribbean, explain",Son esprit acerbe prenait souvent les autres au dépourvu lors des débats.,"grand-mère, respirer, bain, bain, douleur, blague, oreille, bain, acteur, respirer, là-dedans, témoin, mademoiselle, oreille, société, marché, beauté, nez"
The entrepreneur's audacious venture disrupted the market and garnered widespread attention.,"in, Kong, in, response, membrane, punishment, parks, Caribbean, to, headed, punishment, no, ministers, act, more, more",L'entreprise audacieuse de l'entrepreneur a perturbé le marché et a suscité une attention généralisée.,"hôpital, ensuite, retard, prévenir, honneur, prix, bout, ceci, retard, maître, oncle, pareil, gueule, près, gueule, pousser, honneur, pousser, libre, déranger, près"
The novel's protagonist undergoes a transformative journey of self-discovery.,"autonomy, timing, accounting, tongue, decorated, the, isolation, hills, border, Ottoman, hero, Ottoman, welfare, World",Le protagoniste du roman subit un voyage transformateur de découverte de soi.,"décevoir, rare, puissance, zéro, enregistrer, piège, policier, cible, puissance, réagir, coupe, foutu, lunette, aile, foutu, puissance, opinion, lunette"
The philanthropist's altruistic endeavors have had a profound impact on the community.,"owner, shorter, the, equally, offensive, ship, spot, operates, eggs, gods, injury, stronger, valid, Swedish, origins, centers, eggs, fought",Les efforts altruistes du philanthrope ont eu un impact profond sur la communauté.,"exagérer, f, permis, cuisiner, tuyau, garer, flamme, sain, permis, demi-heure, permis, f, repasser, sergent, demi-heure, vampire, fromage, enterrement, cuisiner, repérer"
The epidemiologist's findings shed light on the complex nature of infectious diseases.,"editing, belonging, soils, at, guaranteed, at, to, to, the, slide, throwing, at, top, sovereignty, accordance, the, top, many",Les résultats de l'épidémiologiste mettent en lumière la nature complexe des maladies infectieuses.,"chute, violent, lutter, creuser, creuser, prononcer, violent, saloperie, pointer, digne, moto, meurtrier, sable, pressé, particulier, garage, violent, modèle, rapprocher, furieux"
