"Despite his initial reservations, he eventually relented and joined the expedition.","order, referred, referred, method, pressure, official, brought, put, give, remained, trade, features, problems, Germany, movement, lead",Trotz seiner ersten Vorbehalte gab er schließlich nach und schloss sich der Expedition an.,"soll, Millionen, sagte, Es, wenn, wenn, waren, eines, jetzt, keine, zwischen, seine, Er, wieder, wir, eines, immer, habe, keine, sagte, wurden"
The profound impact of globalization is evident in the interconnectedness of world economies.,"usually, now, century, what, end, around, do, within, she, small, American, make, using, small, own, well, life, power, name, small",Der tiefgreifende Einfluss der Globalisierung zeigt sich in der Vernetzung der Weltwirtschaften.,"toll, Satire, Miami, das, des, mit, für, Süddeutschen, Udo, es, ungeklärt, Einflüsse, mit, werden, als, ist, für, für"
The novel's intricate plot weaves together multiple storylines to create a compelling narrative.,"needed, code, additional, mass, radio, mass, code, remains, entire, mostly, percent, variety, changed, king, personal, construction, fire, changed, future, code","Die komplizierte Handlung des Romans verwebt mehrere Handlungsstränge zusammen, um eine überzeugende Erzählung zu erstellen.","daraufhin, daraufhin, eingerichtet, Erwartungen, Erwartungen, Jürgen, Heinz, allzu, Clinton, Jürgen, Information, Herrn, eingerichtet, allzu, Anlagen, Autofahrer, eingerichtet, warf, Erwartungen, verlor, Autofahrer, scheinen"
Her eloquent speech captivated the audience and left a lasting impression.,"known, few, States, support, used, less, British, film, country, considered, as, less, among, become, known, left",Ihre beredte Rede faszinierte das Publikum und hinterließ einen bleibenden Eindruck.,"Sein, Fragen, recht, spielen, Beginn, Ihre, besteht, Seine, nachdem, dürfen, Sprecher, Beginn, gebracht, Sein, einigen, Sein"
The research paper presents a comprehensive analysis of emerging trends in renewable energy.,"than, whom, ship, paper, basic, stories, cut, buildings, removed, billion, fall, noted, edition, materials, operating, except, probably, whom, whom, running",Das Forschungspapier präsentiert eine umfassende Analyse neuer Trends bei erneuerbarer Energien.,"Verhalten, erlaubt, Verkehr, Wolfgang, ausgesprochen, private, Verkehr, miteinander, Anleger, kosten, private, einzigen, angelegt, Untersuchung, erlaubt, Halle"
It is imperative to foster a culture of inclusivity and diversity in the workplace.,"tender, opinion, in, was, realization, which, be, an, and, realization, was, was, to, it, as, Church, are, in, tender, that, Goldman","Es ist unerlässlich, eine Kultur der Inklusivität und Vielfalt am Arbeitsplatz zu fördern.","nur, wird, es, daß, einen, noch, mehr, bei, aber, einen, nicht, es, um, zum, zum, um, zur, nach, sind, hat"
The artist's avant-garde approach challenges conventional notions of artistry.,"tasks, realized, emperor, shorter, therapy, equally, distinguish, long-term, ship, the, valid, Korea, buy, slavery",Der Avantgarde-Ansatz des Künstlers fordert konventionelle Vorstellungen von Kunst in Frage.,"liegt, Denn, würden, hätte, Frauen, Polizei, sieht, würden, große, stehen, hätte, davon, ja, ihrem, geben, Welt"
The ambassador's diplomatic efforts were instrumental in de-escalating the international conflict.,"growing, element, distribution, growing, determined, element, era, Italian, leaving, kept, the, devices, in, in, moving, notes",Die diplomatischen Bemühungen des Botschafters waren maßgeblich zur Deeskalierung des internationalen Konflikts beteiligt.,"weltweit, Beispiel, Publikum, London, darunter, Aktien, Zusammenhang, darunter, Richter, Beispiel, verletzt, Auto, Spieler, darunter, hinaus, geplant, Richter, mag, sogenannten, London"
The CEO's visionary leadership propelled the company to unprecedented success.,"problems, young, trade, performance, features, problems, referred, problems, in, caused, success, eventually, students, remained, culture",Die visionäre Führung des CEO ließ das Unternehmen zu beispiellosen Erfolg.,"könnten, zusammen, mich, mir, finden, gilt, Art, aller, könne, zusammen, wohl, deshalb, erklärte, gemacht, mir, gemacht"
The professor's erudite lectures inspired a new generation of scholars.,"bridge, lead, climate, Australian, onto, War, War, World, consider, details, formation, caused, captured, bridge, formation",Die gelehrten Vorträge des Professors inspirierten eine neue Generation von Gelehrten.,"selbst, Bei, ihren, neue, waren, ihr, doch, wurden, alle, ihren, zwischen, ab, drei, DM, müssen, immer"
The judicial system must ensure equitable access to justice for all citizens.,"foreign, access, levels, radio, son, mostly, killed, future, recorded, changed, saw, percent, the, ever, radio, levels, successful, mostly",Das Justizsystem muss für alle Bürger einen gerechten Zugang zur Gerechtigkeit sicherstellen.,"neuen, müssen, muß, muß, diesem, Millionen, drei, gibt, wieder, beim, dieser, Jahren, will, ihr, drei, DM, dieser, diese"
The orchestra's rendition of the symphony was nothing short of sublime.,"for, to, a, not, which, he, to, slip, it, was, of, are, England, and, opinion, he",Die Wiedergabe der Symphonie durch das Orchester war geradezu erhaben.,"aber, ihre, wurde, am, aber, nur, war, gegen, sei, zur, aber, man, gegen, hatte, war"
The technological advancements in artificial intelligence are reshaping various industries.,"sort, variations, point, steps, steps, lot, morning, implementation, the, bits, serves, decline, send, charges, absolute",Die technologischen Fortschritte in der künstlichen Intelligenz sind die Umgestaltung verschiedener Branchen.,"versicherte, Welt, jederzeit, derartige, Respekt, lieben, Israels, Welt, Proteste, Bestandteil, Israels, Unterlagen, geringe, Botschafter, Jahre, holte, lieben, ändert"
The architect's innovative design seamlessly integrates form and function.,"words, present, established, words, numbers, parts, described, numbers, words, established, described, numbers, once, rate",Das innovative Design des Architekten integriert nahtlos Form und Funktion.,"Schule, Punkte, guten, Kampf, Nun, Raum, zufolge, Schule, Richtung, Richtung, Verfahren, Internet, Dem, Mannschaft, Amt"
The documentary offers a nuanced perspective on contemporary social issues.,"improve, Edward, operate, carbon, the, stone, carbon, carbon, one, Mary, be, the, generation, be, generation",Der Dokumentarfilm bietet eine differenzierte Perspektive auf zeitgenössische soziale Fragen.,"Fragen, zeigen, Februar, erstmals, Trainer, Frankfurter, machte, klar, Februar, Frankfurter, Deutsche, FDP, erneut, Bürger, bald"
His acerbic wit often caught others off guard during debates.,"the, off, based, production, developed, sometimes, book, came, book, York, based, states, law, book, military",Sein akerbischer Witz hat während der Debatten oft andere überrascht.,"sollten, geworden, je, weit, hinter, sollten, weiß, meisten, je, inzwischen, sollten, sollten, pro, statt, Thema"
The entrepreneur's audacious venture disrupted the market and garnered widespread attention.,"featured, serious, pieces, perform, the, effort, centuries, upper, useful, paid, upper, strength, responsible, origin, crew, centre",Das kühne Unternehmen des Unternehmers störte den Markt und erregte weit verbreitete Aufmerksamkeit.,"machen, sehr, dort, Berlin, Als, wollen, seinem, Unternehmen, sowie, beiden, Berlin, ob, viel, allerdings, erst, gut, hatten, lassen, gut, allerdings"
The novel's protagonist undergoes a transformative journey of self-discovery.,"factory, plastic, struck, except, partial, replacement, struck, struck, expand, justice, for, Jerusalem, concerning, substance",Der Protagonist des Romans unterliegt einer transformativen Reise der Selbstfindung.,"über, für, auf, von, als, von, in, um, aus, ist, im, nach, wird, sich, in"
The philanthropist's altruistic endeavors have had a profound impact on the community.,"on, two, be, not, the, on, from, their, but, this, all, its, its, first, with, he, had, from",Die altruistischen Bemühungen des Philanthrops haben einen tiefgreifenden Einfluss auf die Gemeinschaft.,"wie, hatte, gegen, nach, sie, mehr, wird, bis, In, wurde, gegen, sei, haben, wird, In, schon, schon, wird"
The epidemiologist's findings shed light on the complex nature of infectious diseases.,"album, growth, already, related, rights, physical, levels, court, order, cities, album, levels, our, find, computer, to, rule, interest",Die Erkenntnisse des Epidemiologen beleuchten die Komplexität von Infektionskrankheiten.,"sie, ein, werden, auf, der, in, eine, eine, auf, werden, die, als, wird, zu"
